0984718295,abc,le van a,nam,hue,12/07/1994,levana@gmail.com
0984712341,xyz,nguyen van nam,nam,hue,18/07/1995,levana@gmail.com
0984712474,abc,le hoang anh,nu,hue,18/07/1996,levana@gmail.com
0984754364,xyz,le anh,nam,hue,18/07/1991,levana@gmail.com
0231418295,abc,hoang an,nam,hue,18/07/1992,levana@gmail.com
0242148295,abc,tran van de,nu,hue,18/07/1998,levana@gmail.com
0984412495,xyz,nguyen thi hoang,nam,hue,18/07/1995,levana@gmail.com
0984124542,abc,hoang nam,nam,hue,18/07/1992,levana@gmail.com
0918375295,xyz,le van dan,nu,hue,18/07/1994,levana@gmail.com
0412318295,abc,nguyen thi hoai,nu,hue,18/07/1993,levana@gmail.com
